1,43.8292140016223,39.446165846632,35.8050275799363,31.8904374382039,27.5862284482674,23.6008474424119,18.3575597506858,13,7.28010988928052,2.23606797749979,5,10,15.0332963783729,20.0249843945008,25.1793566240283,30.2654919008431,35.5105618091294,40.6078810084939,45.8911756223351,51.4198405287298
6,42.2018956920184,38.9486841883009,35.3836120259083,31.4006369362152,27.7848879788996,22.8473193175917,17.7200451466693,12.1655250605964,7.07106781186548,5,5,10.0498756211209,15.0332963783729,20.2237484161567,25.3179778023443,30.5941170815567,35.6931365951495,41,46.5725240887801,50.5964425626941
11,42.4499705535822,39.2045915678253,35.5105618091294,32.2024843762092,27.5136329843952,22.561028345357,17.1172427686237,12.0415945787923,10,5,5.09901951359278,10.0498756211209,15.2970585407784,20.3960780543711,25.7099202643649,30.8058436014987,36.1386219991853,41.7612260356422,45.8802789878178,48.7544869729956
16,42.7200187265877,39.3573373083089,36.4005494464026,32.0156211871642,27.2946881279124,22.0227155455452,17,15.0332963783729,10.0498756211209,5.09901951359278,5,10.1980390271856,15.2970585407784,20.6155281280883,25.7099202643649,31.04834939252,36.6878726556883,40.853396431631,43.8292140016223,48.0208288141719
21,43.8634243989226,41.1096095821889,36.8781778291715,32.2490309931942,27.0185121722126,22,20.0249843945008,15.0332963783729,10.0498756211209,5,5.3851648071345,10.4403065089106,15.8113883008419,20.8806130178211,26.2488094968134,31.9530906173409,36.2491379207837,39.446165846632,43.8292140016223,47.6340214552582
26,45.3541618817943,41.4366987102013,37.0540146272978,32.0156211871642,27.0739727413618,25.1793566240283,20.2237484161567,15.2970585407784,10.1980390271856,5.3851648071345,5.09901951359278,10.4403065089106,15.52417469626,20.8806130178211,26.5706605111728,30.8706980808663,34.132096331752,38.6005181312376,42.5205832509386,46.6690475583121
31,46.2709412050371,42.0119030752,37.0540146272978,32.1403173599764,30.2654919008431,25.3179778023443,20.3960780543711,15.2970585407784,10.4403065089106,5.09901951359278,5.3851648071345,10.4403065089106,15.8113883008419,21.540659228538,25.9422435421457,29.4108823397055,34.0587727318528,38.1837661840736,42.5205832509386,47.0106370941726
36,47.0106370941726,42.190046219458,37.3363094051889,35.5105618091294,30.5941170815567,25.7099202643649,20.6155281280883,15.8113883008419,10.4403065089106,5.3851648071345,5.09901951359278,10.4403065089106,16.1554944214035,20.591260281974,24.2074368738204,29,33.3016516106934,37.8021163428716,42.4381903478459,46.6476151587624
41,47.2652091923859,42.4264068711929,40.6078810084939,35.6931365951495,30.8058436014987,25.7099202643649,20.8806130178211,15.52417469626,10.4403065089106,5.09901951359278,5.3851648071345,11.1803398874989,15.8113883008419,19.7989898732233,24.8394846967484,29.4108823397055,34.132096331752,38.9486841883009,43.3820239269677,47.927027865287
46,47.6759897642409,45.8911756223351,41,36.1386219991853,31.04834939252,26.2488094968134,20.8806130178211,15.8113883008419,10.4403065089106,5.3851648071345,5.8309518948453,10.6301458127346,15,20.2484567313166,25.0599281722833,29.9666481275434,34.928498393146,39.560080889705,44.2718872423573,49.0407993409569
51,51.4198405287298,46.5725240887801,41.7612260356422,36.6878726556883,31.9530906173409,26.5706605111728,21.540659228538,16.1554944214035,11.1803398874989,5.8309518948453,5,9.8488578017961,15.2315462117278,20.2484567313166,25.298221281347,30.364452901378,35.1710107901379,40.024992192379,44.9110231457712,49.8196748283246
56,50.5964425626941,45.8802789878178,40.853396431631,36.2491379207837,30.8706980808663,25.9422435421457,20.591260281974,15.8113883008419,10.6301458127346,5,5.09901951359278,10.4403065089106,15.52417469626,20.6155281280883,25.7099202643649,30.5941170815567,35.5105618091294,40.4474968323134,45.3982378512647,50.3587132480567
61,48.7544869729956,43.8292140016223,39.446165846632,34.132096331752,29.4108823397055,24.2074368738204,19.7989898732233,15,9.8488578017961,5.09901951359278,5.3851648071345,10.4403065089106,15.52417469626,20.6155281280883,25.4950975679639,30.4138126514911,35.3553390593274,40.3112887414927,45.2769256906871,50.1597448159378
66,48.0208288141719,43.8292140016223,38.6005181312376,34.0587727318528,29,24.8394846967484,20.2484567313166,15.2315462117278,10.4403065089106,5.3851648071345,5.09901951359278,10.1980390271856,15.2970585407784,20.2237484161567,25.1793566240283,30.1496268633627,35.1283361405006,40.1123422402632,45.0444225182208,50.0099990001999
71,47.6340214552582,42.5205832509386,38.1837661840736,33.3016516106934,29.4108823397055,25.0599281722833,20.2484567313166,15.52417469626,10.4403065089106,5.09901951359278,5.09901951359278,10.1980390271856,15.1327459504216,20.0997512422418,25.0798724079689,30.0665927567458,35.0570962859162,40.0124980474851,45,50.0399840127872
76,46.6690475583121,42.5205832509386,37.8021163428716,34.132096331752,29.9666481275434,25.298221281347,20.6155281280883,15.52417469626,10.1980390271856,5.09901951359278,5.09901951359278,10.0498756211209,15.0332963783729,20.0249843945008,25.0199920063936,30.0166620396073,35,40.0124980474851,45.0998891351187,50.3587132480567
81,47.0106370941726,42.4381903478459,38.9486841883009,34.928498393146,30.364452901378,25.7099202643649,20.6155281280883,15.2970585407784,10.1980390271856,5.09901951359278,5,10,15,20,25,30.0166620396073,35.0570962859162,40.1995024844836,45.5411901469428,50.4479930225178
86,46.6476151587624,43.3820239269677,39.560080889705,35.1710107901379,30.5941170815567,25.4950975679639,20.2237484161567,15.1327459504216,10.0498756211209,5,5,10,15,20,25.0199920063936,30.0665927567458,35.2278299076171,40.6078810084939,45.6070170039655,49.0407993409569
91,47.927027865287,44.2718872423573,40.024992192379,35.5105618091294,30.4138126514911,25.1793566240283,20.0997512422418,15.0332963783729,10,5,5,10,15,20.0249843945008,25.0798724079689,30.2654919008431,35.6931365951495,40.8044115262063,44.3846820423443,46.5295604965274
96,49.0407993409569,44.9110231457712,40.4474968323134,35.3553390593274,30.1496268633627,25.0798724079689,20.0249843945008,15,10,5,5,10,15.0332963783729,20.0997512422418,25.3179778023443,30.8058436014987,36.0555127546399,39.8120584747888,42.190046219458,44.2040722106007
101,49.8196748283246,45.3982378512647,40.3112887414927,35.1283361405006,30.0665927567458,25.0199920063936,20,15,10,5,5,10.0498756211209,15.1327459504216,20.3960780543711,25.9615099714943,31.3847096529504,35.3553390593274,38.0131556174964,40.3608721412211,41.8688428309166
106,50.3587132480567,45.2769256906871,40.1123422402632,35.0570962859162,30.0166620396073,25,20,15,10,5,5.09901951359278,10.1980390271856,15.52417469626,21.1896201004171,26.8328157299975,31.0644491340181,34.0587727318528,36.7967389859482,38.8329756778952,42.0594816896262
111,50.1597448159378,45.0444225182208,40.0124980474851,35,30.0166620396073,25.0199920063936,20.0249843945008,15.0332963783729,10.0498756211209,5.09901951359278,5.09901951359278,10.4403065089106,16.1554944214035,21.9544984001001,26.4007575648882,29.698484809835,32.8024389337135,35.3553390593274,39,43.0116263352131
116,50.0099990001999,45,40.0124980474851,35.0570962859162,30.0665927567458,25.0798724079689,20.0997512422418,15.1327459504216,10.1980390271856,5.09901951359278,5.3851648071345,11.1803398874989,17.2046505340853,21.9317121994613,25.6124969497314,29.1547594742265,32.310988842807,36.4005494464026,40.7921561087423,45.7055795281058
121,50.0399840127872,45.0998891351187,40.1995024844836,35.2278299076171,30.2654919008431,25.3179778023443,20.3960780543711,15.52417469626,10.4403065089106,5.3851648071345,5.8309518948453,12.0415945787923,17.0293863659264,21.095023109729,25.0798724079689,28.8617393793236,33.3766385365573,38.1182371050918,43.1045241245046,48.5077313425396
126,50.3587132480567,45.5411901469428,40.6078810084939,35.6931365951495,30.8058436014987,25.9615099714943,21.1896201004171,16.1554944214035,11.1803398874989,5.8309518948453,6.40312423743285,11.6619037896906,16.1554944214035,20.6155281280883,25.0798724079689,30,35.0570962859162,40.0499687890016,45.0444225182208,49.4974746830583
131,50.4479930225178,45.6070170039655,40.8044115262063,36.0555127546399,31.3847096529504,26.8328157299975,21.9544984001001,17.2046505340853,12.0415945787923,6.40312423743285,5.3851648071345,10.1980390271856,15.0332963783729,20.0997512422418,25.3179778023443,30.5941170815567,35.5105618091294,40.0499687890016,44.1021541423999,47.6759897642409
136,49.0407993409569,44.3846820423443,39.8120584747888,35.3553390593274,31.0644491340181,26.4007575648882,21.9317121994613,17.0293863659264,11.6619037896906,5.3851648071345,5,10.0498756211209,15.52417469626,20.8806130178211,26.2488094968134,31.04834939252,35.2278299076171,39.0128184062623,42.4264068711929,46.3249392876019
141,46.5295604965274,42.190046219458,38.0131556174964,34.0587727318528,29.698484809835,25.6124969497314,21.095023109729,16.1554944214035,10.1980390271856,5,5.09901951359278,10.770329614269,16.1554944214035,21.540659228538,26.2488094968134,30.2654919008431,34.0147027033899,37.4833296279826,41.4849370253831,44.0113621693308
146,44.2040722106007,40.3608721412211,36.7967389859482,32.8024389337135,29.1547594742265,25.0798724079689,20.6155281280883,15.0332963783729,10.0498756211209,5.09901951359278,5.8309518948453,11.1803398874989,16.5529453572468,21.1896201004171,25.1793566240283,29.0688837074973,32.7566787083184,37,39.8120584747888,43.0464865000618
151,41.8688428309166,38.8329756778952,35.3553390593274,32.310988842807,28.8617393793236,25.0798724079689,20.0997512422418,15.52417469626,10.770329614269,5.8309518948453,5.3851648071345,10.770329614269,15.52417469626,20,24.5153013442625,28.7923600977759,33.5410196624968,36.8917334913934,40.6078810084939,44.5982062419555
156,42.0594816896262,39,36.4005494464026,33.3766385365573,30,25.3179778023443,20.8806130178211,16.1554944214035,11.1803398874989,5.3851648071345,5.3851648071345,10.1980390271856,15.1327459504216,20.2484567313166,25.0599281722833,30.2324329156619,34.0587727318528,38.1837661840736,42.5205832509386,45.8039299623951
161,43.0116263352131,40.7921561087423,38.1182371050918,35.0570962859162,30.5941170815567,26.2488094968134,21.540659228538,16.5529453572468,10.770329614269,5.3851648071345,5,10.770329614269,16.6433169770932,22.0227155455452,27.5862284482674,31.8904374382039,36.4005494464026,41.0487515035476,44.7772263544762,47.927027865287
166,45.7055795281058,43.1045241245046,40.0499687890016,35.5105618091294,31.04834939252,26.2488094968134,21.1896201004171,15.52417469626,10.1980390271856,5,6.40312423743285,12.7279220613579,18.4390889145858,24.2074368738204,28.8444102037119,33.6154726279432,38.4707681233427,42.5440947723653,46.1735855224608,50.2195181179589
171,48.5077313425396,45.0444225182208,40.0499687890016,35.2278299076171,30.2654919008431,25.1793566240283,20,15.1327459504216,10.770329614269,6.40312423743285,6.40312423743285,12.2065556157337,18.0277563773199,22.8254244210267,27.7308492477241,32.6955654485436,37,41,45.3982378512647,48.0104155366312
176,49.4974746830583,44.1021541423999,39.0128184062623,34.0147027033899,29.0688837074973,24.5153013442625,20.2484567313166,16.6433169770932,12.7279220613579,6.40312423743285,5.8309518948453,11.6619037896906,16.5529453572468,21.540659228538,26.5706605111728,31.04834939252,35.3553390593274,40.0499687890016,43.1045241245046,41.7731971484108
181,47.6759897642409,42.4264068711929,37.4833296279826,32.7566787083184,28.7923600977759,25.0599281722833,22.0227155455452,18.4390889145858,12.2065556157337,5.8309518948453,5.8309518948453,10.770329614269,15.8113883008419,20.8806130178211,25.4950975679639,30.0665927567458,35.0142828000232,38.4707681233427,37.6430604494374,38.4837628097877
186,46.3249392876019,41.4849370253831,37,33.5410196624968,30.2324329156619,27.5862284482674,24.2074368738204,18.0277563773199,11.6619037896906,5.8309518948453,5.09901951359278,10.1980390271856,15.2970585407784,20.0997512422418,25.0199920063936,30.2654919008431,34.2052627529741,34.0147027033899,35.5105618091294,36.8781778291715
191,44.0113621693308,39.8120584747888,36.8917334913934,34.0587727318528,31.8904374382039,28.8444102037119,22.8254244210267,16.5529453572468,10.770329614269,5.09901951359278,5.09901951359278,10.1980390271856,15.0332963783729,20.0997512422418,25.4950975679639,29.732137494637,30.0166620396073,32.0156211871642,33.9705755029261,37.2021504754766
196,43.0464865000618,40.6078810084939,38.1837661840736,36.4005494464026,33.6154726279432,27.7308492477241,21.540659228538,15.8113883008419,10.1980390271856,5.09901951359278,5.09901951359278,10,15.2970585407784,20.8806130178211,25.4950975679639,26.4007575648882,29,31.6227766016838,35.3553390593274,39
201,44.5982062419555,42.5205832509386,41.0487515035476,38.4707681233427,32.6955654485436,26.5706605111728,20.8806130178211,15.2970585407784,10.1980390271856,5.09901951359278,5.09901951359278,10.770329614269,16.5529453572468,21.6333076527839,23.3452350598575,26.6270539113887,29.9666481275434,34.1760149812701,38.3275357934736,42.9534631898291
206,45.8039299623951,44.7772263544762,42.5440947723653,37,31.04834939252,25.4950975679639,20.0997512422418,15.0332963783729,10,5.09901951359278,5.8309518948453,11.6619037896906,17.0293863659264,19.4164878389476,23.259406699226,27.2029410174709,31.7804971641414,36.3455636907725,41.194659848092,46.1735855224608
211,47.927027865287,46.1735855224608,41,35.3553390593274,30.0665927567458,25.0199920063936,20.0997512422418,15.2970585407784,10.770329614269,5.8309518948453,5.8309518948453,11.3137084989848,14.3178210632764,18.6815416922694,23.1948270094864,28.0713376952364,33,38.0131556174964,43.0116263352131,48.0104155366312
216,50.2195181179589,45.3982378512647,40.0499687890016,35.0142828000232,30.2654919008431,25.4950975679639,20.8806130178211,16.5529453572468,11.6619037896906,5.8309518948453,5.8309518948453,10.0498756211209,15,20.0997512422418,25.1793566240283,30.4138126514911,35.5105618091294,40.4474968323134,45.1774279923061,50.0099990001999
221,48.0104155366312,43.1045241245046,38.4707681233427,34.2052627529741,29.732137494637,25.4950975679639,21.6333076527839,17.0293863659264,11.3137084989848,5.8309518948453,5.3851648071345,10.4403065089106,15.8113883008419,20.8806130178211,26.2488094968134,31.3209195267317,36.1386219991853,40.6078810084939,45.0444225182208,48.0936586256442
226,41.7731971484108,37.6430604494374,34.0147027033899,30.0166620396073,26.4007575648882,23.3452350598575,19.4164878389476,14.3178210632764,10.0498756211209,5.3851648071345,5.09901951359278,10.4403065089106,15.52417469626,20.8806130178211,25.9615099714943,30.8058436014987,35.3553390593274,40,43.2897216438267,46.0977222864644
231,38.4837628097877,35.5105618091294,32.0156211871642,29,26.6270539113887,23.259406699226,18.6815416922694,15,10.4403065089106,5.09901951359278,5.3851648071345,10.4403065089106,15.8113883008419,20.8806130178211,25.7099202643649,30.2654919008431,35.0142828000232,38.4707681233427,41.4849370253831,44.0113621693308
236,36.8781778291715,33.9705755029261,31.6227766016838,29.9666481275434,27.2029410174709,23.1948270094864,20.0997512422418,15.8113883008419,10.4403065089106,5.3851648071345,5.09901951359278,10.4403065089106,15.52417469626,20.3960780543711,25.0798724079689,30.1496268633627,33.9558536926993,37.3363094051889,40.2492235949962,42.7200187265877
241,37.2021504754766,35.3553390593274,34.1760149812701,31.7804971641414,28.0713376952364,25.1793566240283,20.8806130178211,15.52417469626,10.4403065089106,5.09901951359278,5.3851648071345,10.4403065089106,15.2970585407784,20.0249843945008,25.3179778023443,29.4108823397055,33.1058907144937,36.3593179253957,39.2045915678253,42.4499705535822
246,39,38.3275357934736,36.3455636907725,33,30.4138126514911,26.2488094968134,20.8806130178211,15.8113883008419,10.4403065089106,5.3851648071345,5.09901951359278,10.0498756211209,15.0332963783729,20.8806130178211,25.4950975679639,29.6816441593117,33.4215499341368,36.7695526217005,40.4598566482878,44.407206622349
251,42.9534631898291,41.194659848092,38.0131556174964,35.5105618091294,31.3209195267317,25.9615099714943,20.8806130178211,15.52417469626,10.4403065089106,5.09901951359278,5,10.1980390271856,16.5529453572468,21.6333076527839,26.2488094968134,30.4138126514911,34.2052627529741,38.2753184180093,42.5440947723653,46.9574275274956
256,46.1735855224608,43.0116263352131,40.4474968323134,36.1386219991853,30.8058436014987,25.7099202643649,20.3960780543711,15.2970585407784,10.0498756211209,5,5.3851648071345,12.2065556157337,17.6918060129541,22.6715680975093,27.2029410174709,31.3847096529504,35.7770876399966,40.3112887414927,44.9444101084885,49.335585534176
261,48.0104155366312,45.1774279923061,40.6078810084939,35.3553390593274,30.2654919008431,25.0798724079689,20.0249843945008,15.0332963783729,10.1980390271856,5.3851648071345,7.07106781186548,12.8062484748657,18.0277563773199,22.8254244210267,27.3130005674953,31.9530906173409,36.6878726556883,41.4849370253831,46.0977222864644,50.8035431835222
266,50.0099990001999,45.0444225182208,40,35.0142828000232,30.1496268633627,25.3179778023443,20.8806130178211,16.5529453572468,12.2065556157337,7.07106781186548,5.8309518948453,11.1803398874989,16.1554944214035,20.8806130178211,25.7099202643649,30.5941170815567,35.5105618091294,40.3112887414927,45.1774279923061,50.0899191454728
271,48.0936586256442,43.2897216438267,38.4707681233427,33.9558536926993,29.4108823397055,25.4950975679639,21.6333076527839,17.6918060129541,12.8062484748657,5.8309518948453,5.3851648071345,10.4403065089106,15.2970585407784,20.2237484161567,25.1793566240283,30.1496268633627,35.0570962859162,40.0124980474851,45,50.0099990001999
276,46.0977222864644,41.4849370253831,37.3363094051889,33.1058907144937,29.6816441593117,26.2488094968134,22.6715680975093,18.0277563773199,11.1803398874989,5.3851648071345,5.09901951359278,10.0498756211209,15.0332963783729,20.0249843945008,25.0199920063936,30,35.0142828000232,40.0499687890016,45.0998891351187,50.1597448159378
281,44.0113621693308,40.2492235949962,36.3593179253957,33.4215499341368,30.4138126514911,27.2029410174709,22.8254244210267,16.1554944214035,10.4403065089106,5.09901951359278,5,10,15,20,25.0199920063936,30.0665927567458,35.1283361405006,40.1995024844836,45.2769256906871,48.5077313425396
286,42.7200187265877,39.2045915678253,36.7695526217005,34.2052627529741,31.3847096529504,27.3130005674953,20.8806130178211,15.2970585407784,10.0498756211209,5,5,10,15,20.0249843945008,25.0798724079689,30.1496268633627,35.2278299076171,40.3112887414927,43.5660418215839,44.6430285710994
291,42.4499705535822,40.4598566482878,38.2753184180093,35.7770876399966,31.9530906173409,25.7099202643649,20.2237484161567,15.0332963783729,10,5,5,10,15.0332963783729,20.0997512422418,25.1793566240283,30.2654919008431,35.3553390593274,38.6393581727233,39.8497176903426,41.6293165929973
296,44.407206622349,42.5440947723653,40.3112887414927,36.6878726556883,30.5941170815567,25.1793566240283,20.0249843945008,15,10,5,5,10.0498756211209,15.1327459504216,20.2237484161567,25.3179778023443,30.4138126514911,33.734255586866,35.1140997321589,37.1214223865412,40.4969134626332
301,46.9574275274956,44.9444101084885,41.4849370253831,35.5105618091294,30.1496268633627,25.0199920063936,20,15,10,5,5.09901951359278,10.1980390271856,15.2970585407784,20.3960780543711,25.4950975679639,28.8617393793236,30.4630924234556,32.7566787083184,36.4005494464026,40.3608721412211
306,49.335585534176,46.0977222864644,40.3112887414927,35.0570962859162,30,25.0199920063936,20.0249843945008,15.0332963783729,10.0498756211209,5.09901951359278,5.09901951359278,10.1980390271856,15.2970585407784,20.3960780543711,23.7697286480094,25.4950975679639,28.0178514522438,31.8904374382039,36.0693775937429,39.8246155034798
311,50.8035431835222,45.1774279923061,40.0124980474851,35.0142828000232,30.0665927567458,25.0798724079689,20.0997512422418,15.1327459504216,10.1980390271856,5.09901951359278,5.09901951359278,10.1980390271856,15.2970585407784,18.6815416922694,20.591260281974,23.43074902772,27.5862284482674,32.0156211871642,36.0555127546399,40.3112887414927
316,50.0899191454728,45,40.0499687890016,35.1283361405006,30.1496268633627,25.1793566240283,20.2237484161567,15.2970585407784,10.1980390271856,5.09901951359278,5.09901951359278,10.1980390271856,13.6014705087354,15.8113883008419,19.1049731745428,23.6008474424119,28.3019433961698,32.649655434629,37.1618083521241,41.7851648315524
321,50.0099990001999,45.0998891351187,40.1995024844836,35.2278299076171,30.2654919008431,25.3179778023443,20.3960780543711,15.2970585407784,10.1980390271856,5.09901951359278,5.09901951359278,8.54400374531753,11.3137084989848,15.2643375224737,20.1246117974981,25.0798724079689,29.732137494637,34.4818792991333,39.293765408777,44.1474801092882
326,50.1597448159378,45.2769256906871,40.3112887414927,35.3553390593274,30.4138126514911,25.4950975679639,20.3960780543711,15.2970585407784,10.1980390271856,5.09901951359278,3.60555127546399,7.61577310586391,12.369316876853,17.464249196573,22.561028345357,27.459060435492,32.3882694814033,37.3363094051889,42.2965719651132,47.2652091923859
331,48.5077313425396,43.5660418215839,38.6393581727233,33.734255586866,28.8617393793236,23.7697286480094,18.6815416922694,13.6014705087354,8.54400374531753,3.60555127546399,5,10,15.0332963783729,20.0997512422418,25.0798724079689,30.0665927567458,35.0570962859162,40.0499687890016,45.0444225182208,50.0399840127872
336,44.6430285710994,39.8497176903426,35.1140997321589,30.4630924234556,25.4950975679639,20.591260281974,15.8113883008419,11.3137084989848,7.61577310586391,5,5,10.0498756211209,15.1327459504216,20.0997512422418,25.0798724079689,30.0665927567458,35.0570962859162,40.0499687890016,45.0444225182208,50.0399840127872
341,41.6293165929973,37.1214223865412,32.7566787083184,28.0178514522438,23.43074902772,19.1049731745428,15.2643375224737,12.369316876853,10,5,5.09901951359278,10.1980390271856,15.1327459504216,20.0997512422418,25.0798724079689,30.0665927567458,35.0570962859162,40.0499687890016,45.0444225182208,50.0399840127872
346,40.4969134626332,36.4005494464026,31.8904374382039,27.5862284482674,23.6008474424119,20.1246117974981,17.464249196573,15.0332963783729,10.0498756211209,5.09901951359278,5.09901951359278,10.0498756211209,15.0332963783729,20.0249843945008,25.0199920063936,30.0166620396073,35.0142828000232,40.0124980474851,45.0111097397076,50.0099990001999
351,40.3608721412211,36.0693775937429,32.0156211871642,28.3019433961698,25.0798724079689,22.561028345357,20.0997512422418,15.1327459504216,10.1980390271856,5.09901951359278,5,10,15,20,25,30,35,40,45,50
356,39.8246155034798,36.0555127546399,32.649655434629,29.732137494637,27.459060435492,25.0798724079689,20.0997512422418,15.1327459504216,10.0498756211209,5,5,10,15,20,25,30,35,40,45,50
361,40.3112887414927,37.1618083521241,34.4818792991333,32.3882694814033,30.0665927567458,25.0798724079689,20.0997512422418,15.0332963783729,10,5,5,10,15,20,25,30,35,40,45,50
366,41.7851648315524,39.293765408777,37.3363094051889,35.0570962859162,30.0665927567458,25.0798724079689,20.0249843945008,15,10,5,5,10,15,20,25,30,35,40,45,50
371,44.1474801092882,42.2965719651132,40.0499687890016,35.0570962859162,30.0665927567458,25.0199920063936,20,15,10,5,5,10,15,20,25,30,35,40,45,50
376,47.2652091923859,45.0444225182208,40.0499687890016,35.0570962859162,30.0166620396073,25,20,15,10,5,5,10,15,20,25,30,35,40,45,50
381,50.0399840127872,45.0444225182208,40.0499687890016,35.0142828000232,30,25,20,15,10,5,5,10,15,20,25,30,35,40,45,50
386,50.0399840127872,45.0444225182208,40.0124980474851,35,30,25,20,15,10,5,5,10,15,20,25,30,35,40,45,50
391,50.0399840127872,45.0111097397076,40,35,30,25,20,15,10,5,5,10,15,20,25,30,35,40,45,50
396,50.0099990001999,45,40,35,30,25,20,15,10,5,5,10,15,20,25,30,35,40,45,50
401,50,45,40,35,30,25,20,15,10,5,5,10,15,20,25,30,35,40,45,50
406,50,45,40,35,30,25,20,15,10,5,5,10,15,20,25,30,35,40,45,50
411,50,45,40,35,30,25,20,15,10,5,5,10,15,20,25,30,35,40,45,50
416,50,45,40,35,30,25,20,15,10,5,5,10,15,20,25,30,35,40,45,50
421,50,45,40,35,30,25,20,15,10,5,5,10,15,20,25,30,35,40,45,50
426,50,45,40,35,30,25,20,15,10,5,5,10,15,20,25,30,35,40,45,50
431,50,45,40,35,30,25,20,15,10,5,5,10,15,20,25,30,35,40,45,50
436,50,45,40,35,30,25,20,15,10,5,5,10,15,20,25,30,35,40,45,50
441,50,45,40,35,30,25,20,15,10,5,5,10,15,20,25,30,35,40,45,50
446,50,45,40,35,30,25,20,15,10,5,5,10,15,20,25,30,35,40,45,50
451,50,45,40,35,30,25,20,15,10,5,5,10,15,20,25,30,35,40,45,50
456,50,45,40,35,30,25,20,15,10,5,5,10,15,20,25,30,35,40,45,50
461,50,45,40,35,30,25,20,15,10,5,5,10,15,20,25,30,35,40,45,50
466,50,45,40,35,30,25,20,15,10,5,5,10,15,20,25,30,35,40,45,49.0102030193714
471,50,45,40,35,30,25,20,15,10,5,5,10,15,20,25,30,35,40,44.0113621693308,42.4264068711929
476,50,45,40,35,30,25,20,15,10,5,5,10,15,20,25,30,35,39.0128184062623,37.4833296279826,36.6878726556883
481,50,45,40,35,30,25,20,15,10,5,5,10,15,20,25,30,34.0147027033899,32.5576411921994,31.9530906173409,31.3847096529504
486,50,45,40,35,30,25,20,15,10,5,5,10,15,20,25,29.0172362570938,27.6586333718787,27.3130005674953,27.2029410174709,29
491,50,45,40,35,30,25,20,15,10,5,5,10,15,20,24.0208242989286,22.8035085019828,22.8254244210267,23.3452350598575,25.8069758011279,28.6356421265527
496,50,45,40,35,30,25,20,15,10,5,5,10,15,19.0262975904404,18.0277563773199,18.6010752377383,20,23.259406699226,26.9258240356725,31.4006369362152
501,50,45,40,35,30,25,20,15,10,5,5,10,14.0356688476182,13.4164078649987,14.8660687473185,17.464249196573,21.5870331449229,26.0768096208106,31,36.0555127546399
506,50,45,40,35,30,25,20,15,10,5,5,9.05538513813742,9.21954445729289,12.0830459735946,16.1245154965971,21,26.1725046566048,31.4006369362152,36.6742416417845,41.7731971484108
511,50,45,40,35,30,25,20,15,10,5,4.12310562561766,6.32455532033676,11,16.2788205960997,21.5870331449229,27.2029410174709,32.5729949498047,37.9473319220206,43.0116263352131,48.0832611206852
516,49.0102030193714,44.0113621693308,39.0128184062623,34.0147027033899,29.0172362570938,24.0208242989286,19.0262975904404,14.0356688476182,9.05538513813742,4.12310562561766,5.3851648071345,10.770329614269,16.5529453572468,21.9317121994613,27.7308492477241,33.1058907144937,38.4837628097877,43.4626276242015,48.4664832642105,53.1413210223457
521,42.4264068711929,37.4833296279826,32.5576411921994,27.6586333718787,22.8035085019828,18.0277563773199,13.4164078649987,9.21954445729289,6.32455532033676,5.3851648071345,5.3851648071345,11.1803398874989,16.5529453572468,22.3606797749979,27.7308492477241,33.1058907144937,38.0788655293195,43.081318457076,47.7598157450382,52.2015325445527
526,36.6878726556883,31.9530906173409,27.3130005674953,22.8254244210267,18.6010752377383,14.8660687473185,12.0830459735946,11,10.770329614269,5.3851648071345,5.8309518948453,11.1803398874989,17,22.3606797749979,27.7308492477241,32.6955654485436,37.6961536499415,42.3792402008342,46.8401537145215,51.4198405287298
531,31.3847096529504,27.2029410174709,23.3452350598575,20,17.464249196573,16.1245154965971,16.2788205960997,16.5529453572468,11.1803398874989,5.8309518948453,5.3851648071345,11.1803398874989,16.5529453572468,21.9317121994613,26.9258240356725,31.9530906173409,36.6878726556883,41.2310562561766,45.8911756223351,49.1629942131274
536,29,25.8069758011279,23.259406699226,21.5870331449229,21,21.5870331449229,21.9317121994613,16.5529453572468,11.1803398874989,5.3851648071345,5.8309518948453,11.1803398874989,16.5529453572468,21.540659228538,26.5706605111728,31.3209195267317,35.9026461420325,40.6078810084939,44.0454310910905,47.0956473572665
541,28.6356421265527,26.9258240356725,26.0768096208106,26.1725046566048,27.2029410174709,27.7308492477241,22.3606797749979,17,11.1803398874989,5.8309518948453,5.3851648071345,10.770329614269,15.8113883008419,20.8806130178211,25.7099202643649,30.4138126514911,35.2278299076171,39.0128184062623,42.4264068711929,45.3541618817943
546,31.4006369362152,31,31.4006369362152,32.5729949498047,33.1058907144937,27.7308492477241,22.3606797749979,16.5529453572468,11.1803398874989,5.3851648071345,5.3851648071345,10.4403065089106,15.52417469626,20.3960780543711,25.1793566240283,30.0665927567458,34.132096331752,37.8549864614954,41.1096095821889,43.8634243989226
551,36.0555127546399,36.6742416417845,37.9473319220206,38.4837628097877,33.1058907144937,27.7308492477241,21.9317121994613,16.5529453572468,10.770329614269,5.3851648071345,5.09901951359278,10.1980390271856,15.1327459504216,20.0249843945008,25,29.4278779391243,33.5261092284804,37.1618083521241,40.3112887414927,42.2018956920184
556,41.7731971484108,43.0116263352131,43.4626276242015,38.0788655293195,32.6955654485436,26.9258240356725,21.540659228538,15.8113883008419,10.4403065089106,5.09901951359278,5.09901951359278,10.0498756211209,15,20.0249843945008,24.738633753706,29.1547594742265,33.1209903233584,36.6196668472011,38.9486841883009,41.7731971484108
561,48.0832611206852,48.4664832642105,43.081318457076,37.6961536499415,31.9530906173409,26.5706605111728,20.8806130178211,15.52417469626,10.1980390271856,5.09901951359278,5,10.0498756211209,15.1327459504216,20.2484567313166,25.0599281722833,29.4108823397055,33.3016516106934,36.1247837363769,39.4081209904761,43.0464865000618
566,53.1413210223457,47.7598157450382,42.3792402008342,36.6878726556883,31.3209195267317,25.7099202643649,20.3960780543711,15.1327459504216,10.0498756211209,5,5.09901951359278,10.1980390271856,15.6524758424985,20.8086520466848,25.4950975679639,29.732137494637,33.0151480384384,36.7151195013716,40.7185461430047,44.9444101084885
571,52.2015325445527,46.8401537145215,41.2310562561766,35.9026461420325,30.4138126514911,25.1793566240283,20.0249843945008,15,10.0498756211209,5.09901951359278,5.09901951359278,10.816653826392,16.2788205960997,21.2602916254693,25.8069758011279,29.5296461204668,33.6154726279432,37.9473319220206,42.4499705535822,47.0744091837593
576,51.4198405287298,45.8911756223351,40.6078810084939,35.2278299076171,30.0665927567458,25,20.0249843945008,15.1327459504216,10.1980390271856,5.09901951359278,6.40312423743285,12.2065556157337,17.4928556845359,22.3606797749979,26.5706605111728,31.04834939252,35.6931365951495,40.4474968323134,45.2769256906871,50.2493781056044
581,49.1629942131274,44.0454310910905,39.0128184062623,34.132096331752,29.4278779391243,24.738633753706,20.2484567313166,15.6524758424985,10.816653826392,6.40312423743285,5.8309518948453,11.1803398874989,16.1554944214035,20.6155281280883,25.3179778023443,30.1496268633627,35.0570962859162,40.0124980474851,45.0111097397076,50.0899191454728
586,47.0956473572665,42.4264068711929,37.8549864614954,33.5261092284804,29.1547594742265,25.0599281722833,20.8086520466848,16.2788205960997,12.2065556157337,5.8309518948453,5.3851648071345,10.4403065089106,15.1327459504216,20.0249843945008,25,30.0166620396073,35.0570962859162,40.0499687890016,45,50.0899191454728
591,45.3541618817943,41.1096095821889,37.1618083521241,33.1209903233584,29.4108823397055,25.4950975679639,21.2602916254693,17.4928556845359,11.1803398874989,5.3851648071345,5.09901951359278,10,15.0332963783729,20.0997512422418,25.1793566240283,30.2654919008431,35.2278299076171,40.0499687890016,45.0111097397076,50.3587132480567
596,43.8634243989226,40.3112887414927,36.6196668472011,33.3016516106934,29.732137494637,25.8069758011279,22.3606797749979,16.1554944214035,10.4403065089106,5.09901951359278,5.09901951359278,10.1980390271856,15.2970585407784,20.3960780543711,25.4950975679639,30.4138126514911,35.1283361405006,40,45.2769256906871,49.0306026885251
601,42.2018956920184,38.9486841883009,36.1247837363769,33.0151480384384,29.5296461204668,26.5706605111728,20.6155281280883,15.1327459504216,10,5.09901951359278,5.09901951359278,10.1980390271856,15.2970585407784,20.3960780543711,25.3179778023443,30.0665927567458,35.0142828000232,40.4474968323134,44.3846820423443,49.6487663492256
606,41.7731971484108,39.4081209904761,36.7151195013716,33.6154726279432,31.04834939252,25.3179778023443,20.0249843945008,15.0332963783729,10.1980390271856,5.09901951359278,5.09901951359278,10.1980390271856,15.2970585407784,20.2237484161567,25.0199920063936,30.0665927567458,35.6931365951495,39.8497176903426,45.3100430368368,49.1934955049954
611,43.0464865000618,40.7185461430047,37.9473319220206,35.6931365951495,30.1496268633627,25,20.0997512422418,15.2970585407784,10.1980390271856,5.09901951359278,5.09901951359278,10.1980390271856,15.1327459504216,20,25.1793566240283,31.04834939252,35.4682957019364,41.146081222882,45.2769256906871,48.0104155366312
616,44.9444101084885,42.4499705535822,40.4474968323134,35.0570962859162,30.0166620396073,25.1793566240283,20.3960780543711,15.2970585407784,10.1980390271856,5.09901951359278,5.09901951359278,10.0498756211209,15.0332963783729,20.3960780543711,26.5706605111728,31.3049516849971,37.2155881318568,41.6173040933696,44.6878059430087,48.0832611206852
621,47.0744091837593,45.2769256906871,40.0124980474851,35.0570962859162,30.2654919008431,25.4950975679639,20.3960780543711,15.2970585407784,10.1980390271856,5.09901951359278,5,10.1980390271856,15.8113883008419,22.3606797749979,27.459060435492,33.6005952328229,38.2883794381533,41.7252920900501,45.453272709454,47.7074417675063
626,50.2493781056044,45.0111097397076,40.0499687890016,35.2278299076171,30.4138126514911,25.3179778023443,20.2237484161567,15.1327459504216,10.0498756211209,5,5.3851648071345,11.1803398874989,18.0277563773199,23.43074902772,29.732137494637,34.6554469023269,38.4187454245971,42.4381903478459,45.1774279923061,45.8802789878178
631,50.0899191454728,45,40.0499687890016,35.1283361405006,30.0665927567458,25.0199920063936,20,15.0332963783729,10.1980390271856,5.3851648071345,5.8309518948453,12.8062484748657,18.3847763108502,24.7588368062799,29.8328677803526,33.8378486313773,38.0788655293195,41.2310562561766,42.4499705535822,42.4264068711929
636,50.0899191454728,45.0111097397076,40,35.0142828000232,30.0665927567458,25.1793566240283,20.3960780543711,15.8113883008419,11.1803398874989,5.8309518948453,7.07106781186548,12.8062484748657,19.2093727122985,24.4131112314674,28.6530975637888,33.1058907144937,36.6878726556883,38.4707681233427,39.0128184062623,40.1995024844836
641,50.3587132480567,45.2769256906871,40.4474968323134,35.6931365951495,31.04834939252,26.5706605111728,22.3606797749979,18.0277563773199,12.8062484748657,7.07106781186548,5.8309518948453,12.2065556157337,17.4928556845359,21.9317121994613,26.5706605111728,30.5941170815567,33.0151480384384,34.2344855372474,36.1386219991853,37.6961536499415
646,49.0306026885251,44.3846820423443,39.8497176903426,35.4682957019364,31.3049516849971,27.459060435492,23.43074902772,18.3847763108502,12.8062484748657,5.8309518948453,6.40312423743285,11.6619037896906,16.1554944214035,20.8806130178211,25.1793566240283,28.0713376952364,29.8328677803526,32.310988842807,34.4818792991333,37.2021504754766
651,49.6487663492256,45.3100430368368,41.146081222882,37.2155881318568,33.6005952328229,29.732137494637,24.7588368062799,19.2093727122985,12.2065556157337,6.40312423743285,5.3851648071345,10.1980390271856,15.1327459504216,20.0249843945008,23.7697286480094,26.4007575648882,29.6816441593117,32.649655434629,36.0693775937429,39.8246155034798
656,49.1934955049954,45.2769256906871,41.6173040933696,38.2883794381533,34.6554469023269,29.8328677803526,24.4131112314674,17.4928556845359,11.6619037896906,5.3851648071345,5,10,15.2970585407784,19.6977156035922,23.0217288664427,26.9072480941474,30.4795013082563,34.4093010681705,38.5875627631495,42.9418211071678
661,48.0104155366312,44.6878059430087,41.7252920900501,38.4187454245971,33.8378486313773,28.6530975637888,21.9317121994613,16.1554944214035,10.1980390271856,5,5,10.4403065089106,15.2643375224737,19.1049731745428,23.43074902772,27.459060435492,31.7647603485372,36.2491379207837,40.853396431631,45.5411901469428
666,48.0832611206852,45.453272709454,42.4381903478459,38.0788655293195,33.1058907144937,26.5706605111728,20.8806130178211,15.1327459504216,10,5,5.8309518948453,11.3137084989848,15.8113883008419,20.591260281974,25.0798724079689,29.732137494637,34.4818792991333,39.293765408777,44.1474801092882,49.0306026885251
671,47.7074417675063,45.1774279923061,41.2310562561766,36.6878726556883,30.5941170815567,25.1793566240283,20.0249843945008,15.2970585407784,10.4403065089106,5.8309518948453,5.8309518948453,10.770329614269,15.8113883008419,20.6155281280883,25.4950975679639,30.4138126514911,35.3553390593274,40.3112887414927,45.2769256906871,50.2493781056044
676,45.8802789878178,42.4499705535822,38.4707681233427,33.0151480384384,28.0713376952364,23.7697286480094,19.6977156035922,15.2643375224737,11.3137084989848,5.8309518948453,5.09901951359278,10.1980390271856,15.1327459504216,20.0997512422418,25.0798724079689,30.0665927567458,35.0570962859162,40.0499687890016,45.0444225182208,50.0899191454728
681,42.4264068711929,39.0128184062623,34.2344855372474,29.8328677803526,26.4007575648882,23.0217288664427,19.1049731745428,15.8113883008419,10.770329614269,5.09901951359278,5.09901951359278,10.0498756211209,15.0332963783729,20.0249843945008,25.0199920063936,30.0166620396073,35.0142828000232,40.0124980474851,45.0444225182208,50.1597448159378
686,40.1995024844836,36.1386219991853,32.310988842807,29.6816441593117,26.9072480941474,23.43074902772,20.591260281974,15.8113883008419,10.1980390271856,5.09901951359278,5,10,15,20,25,30,35,40.0124980474851,45.0998891351187,49.6487663492256
691,37.6961536499415,34.4818792991333,32.649655434629,30.4795013082563,27.459060435492,25.0798724079689,20.6155281280883,15.1327459504216,10.0498756211209,5,5,10,15,20,25,30,35.0142828000232,40.1123422402632,44.7213595499958,48.7647413609464
696,37.2021504754766,36.0693775937429,34.4093010681705,31.7647603485372,29.732137494637,25.4950975679639,20.0997512422418,15.0332963783729,10,5,5,10,15,20,25,30.0166620396073,35.1283361405006,39.8120584747888,43.9658958739612,46.6154480832267
701,39.8246155034798,38.5875627631495,36.2491379207837,34.4818792991333,30.4138126514911,25.0798724079689,20.0249843945008,15,10,5,5,10,15,20,25.0199920063936,30.1496268633627,34.928498393146,39.2173431022552,42.0475920832573,44.4184646290256
706,42.9418211071678,40.853396431631,39.293765408777,35.3553390593274,30.0665927567458,25.0199920063936,20,15,10,5,5,10,15,20.0249843945008,25.1793566240283,30.0832179129826,34.5398320783411,37.589892258425,40.2243707222375,43.2781700167648
711,45.5411901469428,44.1474801092882,40.3112887414927,35.0570962859162,30.0166620396073,25,20,15,10,5,5,10,15.0332963783729,20.2237484161567,25.298221281347,29.9666481275434,33.2866339541865,36.2353418639869,39.5979797464467,43.2781700167648
716,49.0306026885251,45.2769256906871,40.0499687890016,35.0142828000232,30,25,20,15,10,5,5,10.0498756211209,15.2970585407784,20.6155281280883,25.5538646783613,29.2061637330205,32.5269119345812,36.2353418639869,40.2243707222375,43.9089968002003
721,50.2493781056044,45.0444225182208,40.0124980474851,35,30,25,20,15,10,5,5.09901951359278,10.4403065089106,16.1245154965971,21.4009345590327,25.4558441227157,29.2061637330205,33.2866339541865,37.589892258425,41.6293165929973,45.5411901469428
726,50.0899191454728,45.0444225182208,40.0124980474851,35.0142828000232,30.0166620396073,25.0199920063936,20.0249843945008,15.0332963783729,10.0498756211209,5.09901951359278,5.3851648071345,11.4017542509914,16.9705627484771,21.4009345590327,25.5538646783613,29.9666481275434,34.5398320783411,38.8973006775534,43.1740662898458,47.8539444560216
731,50.1597448159378,45.0998891351187,40.1123422402632,35.1283361405006,30.1496268633627,25.1793566240283,20.2237484161567,15.2970585407784,10.4403065089106,5.3851648071345,6.40312423743285,12.2065556157337,17,21.540659228538,26.2488094968134,31.04834939252,35.6931365951495,40.3112887414927,45.1774279923061,50.0399840127872
736,49.6487663492256,44.7213595499958,39.8120584747888,34.928498393146,30.0832179129826,25.298221281347,20.6155281280883,16.1245154965971,11.4017542509914,6.40312423743285,5.8309518948453,10.770329614269,15.52417469626,20.3960780543711,25.3179778023443,30.1496268633627,35.0142828000232,40,45.0444225182208,50.1597448159378
741,48.7647413609464,43.9658958739612,39.2173431022552,34.5398320783411,29.9666481275434,25.5538646783613,21.4009345590327,16.9705627484771,12.2065556157337,5.8309518948453,5.09901951359278,10.0498756211209,15.0332963783729,20.0249843945008,25,30.0665927567458,35.1283361405006,40.3112887414927,45.5411901469428,50.8035431835222
746,46.6154480832267,42.0475920832573,37.589892258425,33.2866339541865,29.2061637330205,25.4558441227157,21.4009345590327,17,10.770329614269,5.09901951359278,5,10,15,20.0249843945008,25.1793566240283,30.2654919008431,35.5105618091294,40.7921561087423,46.0977222864644,51.4198405287298
751,44.4184646290256,40.2243707222375,36.2353418639869,32.5269119345812,29.2061637330205,25.5538646783613,21.540659228538,15.52417469626,10.0498756211209,5,5,10,15.0332963783729,20.2237484161567,25.3179778023443,30.5941170815567,35.9026461420325,41.2310562561766,46.5725240887801,51.9230199429887
756,43.2781700167648,39.5979797464467,36.2353418639869,33.2866339541865,29.9666481275434,26.2488094968134,20.3960780543711,15.0332963783729,10,5,5,10.0498756211209,15.2970585407784,20.3960780543711,25.7099202643649,31.04834939252,36.4005494464026,41.7612260356422,47.1274866717927,50.9607692249636
761,43.2781700167648,40.2243707222375,37.589892258425,34.5398320783411,31.04834939252,25.3179778023443,20.0249843945008,15,10,5,5.09901951359278,10.4403065089106,15.52417469626,20.8806130178211,26.2488094968134,31.6227766016838,37,42.3792402008342,46.1735855224608,45.8911756223351
766,43.9089968002003,41.6293165929973,38.8973006775534,35.6931365951495,30.1496268633627,25,20.0249843945008,15.0332963783729,10.0498756211209,5.09901951359278,5.3851648071345,10.4403065089106,15.8113883008419,21.1896201004171,26.5706605111728,31.9530906173409,37.3363094051889,41.1096095821889,40.7921561087423,42.1070065428546
771,45.5411901469428,43.1740662898458,40.3112887414927,35.0142828000232,30.0665927567458,25.1793566240283,20.2237484161567,15.2970585407784,10.4403065089106,5.3851648071345,5.09901951359278,10.4403065089106,15.8113883008419,21.1896201004171,26.5706605111728,31.9530906173409,35.7351367704113,35.5105618091294,37.0135110466435,38.2099463490856
776,47.8539444560216,45.1774279923061,40,35.1283361405006,30.2654919008431,25.3179778023443,20.3960780543711,15.52417469626,10.4403065089106,5.09901951359278,5.3851648071345,10.770329614269,16.1554944214035,21.540659228538,26.9258240356725,30.6757233003559,30.4138126514911,32,33.3766385365573,36.4005494464026
781,50.0399840127872,45.0444225182208,40.3112887414927,35.5105618091294,30.5941170815567,25.7099202643649,20.8806130178211,15.8113883008419,10.4403065089106,5.3851648071345,5.3851648071345,10.770329614269,16.1554944214035,21.540659228538,25.298221281347,25.1793566240283,27.0739727413618,28.8617393793236,32.310988842807,35.3553390593274
786,50.1597448159378,45.5411901469428,40.7921561087423,35.9026461420325,31.04834939252,26.2488094968134,21.1896201004171,15.8113883008419,10.770329614269,5.3851648071345,5.3851648071345,10.770329614269,16.1554944214035,19.9248588451713,20.0249843945008,22.3606797749979,24.6981780704569,28.6530975637888,32.2024843762092,36.1247837363769
791,50.8035431835222,46.0977222864644,41.2310562561766,36.4005494464026,31.6227766016838,26.5706605111728,21.1896201004171,16.1554944214035,10.770329614269,5.3851648071345,5.3851648071345,10.770329614269,14.560219778561,15.0332963783729,18.0277563773199,21.095023109729,25.6124969497314,29.698484809835,34.0587727318528,38.6005181312376
796,51.4198405287298,46.5725240887801,41.7612260356422,37,31.9530906173409,26.5706605111728,21.540659228538,16.1554944214035,10.770329614269,5.3851648071345,5.3851648071345,9.21954445729289,10.4403065089106,14.422205101856,18.3847763108502,23.43074902772,28.0178514522438,32.7566787083184,37.589892258425,42.485291572496
801,51.9230199429887,47.1274866717927,42.3792402008342,37.3363094051889,31.9530906173409,26.9258240356725,21.540659228538,16.1554944214035,10.770329614269,5.3851648071345,4,7.07106781186548,12.2065556157337,17,22.3606797749979,27.3130005674953,32.310988842807,37.3363094051889,42.3792402008342,47.1274866717927
806,50.9607692249636,46.1735855224608,41.1096095821889,35.7351367704113,30.6757233003559,25.298221281347,19.9248588451713,14.560219778561,9.21954445729289,4,5.09901951359278,10.4403065089106,15.52417469626,20.8806130178211,25.9615099714943,31.04834939252,36.1386219991853,41.2310562561766,46.0977222864644,50.9901951359278
811,45.8911756223351,40.7921561087423,35.5105618091294,30.4138126514911,25.1793566240283,20.0249843945008,15.0332963783729,10.4403065089106,7.07106781186548,5.09901951359278,5.3851648071345,10.4403065089106,15.8113883008419,20.8806130178211,25.9615099714943,31.04834939252,36.1386219991853,41,45.8911756223351,50.4876222454574
816,42.1070065428546,37.0135110466435,32,27.0739727413618,22.3606797749979,18.0277563773199,14.422205101856,12.2065556157337,10.4403065089106,5.3851648071345,5.09901951359278,10.4403065089106,15.52417469626,20.6155281280883,25.7099202643649,30.8058436014987,35.6931365951495,40.6078810084939,45.2769256906871,50.0899191454728
821,38.2099463490856,33.3766385365573,28.8617393793236,24.6981780704569,21.095023109729,18.3847763108502,17,15.52417469626,10.4403065089106,5.09901951359278,5.3851648071345,10.4403065089106,15.52417469626,20.6155281280883,25.7099202643649,30.5941170815567,35.5105618091294,40.1995024844836,45.0444225182208,50.0399840127872
826,36.4005494464026,32.310988842807,28.6530975637888,25.6124969497314,23.43074902772,22.3606797749979,20.8806130178211,15.8113883008419,10.4403065089106,5.3851648071345,5.09901951359278,10.1980390271856,15.2970585407784,20.3960780543711,25.3179778023443,30.2654919008431,35.0570962859162,40,45.1774279923061,48.8364617882991
831,35.3553390593274,32.2024843762092,29.698484809835,28.0178514522438,27.3130005674953,25.9615099714943,20.8806130178211,15.52417469626,10.4403065089106,5.09901951359278,5.09901951359278,10.1980390271856,15.2970585407784,20.2237484161567,25.1793566240283,30.0166620396073,35.0142828000232,40.3112887414927,44.1474801092882,47.4341649025257
836,36.1247837363769,34.0587727318528,32.7566787083184,32.310988842807,31.04834939252,25.9615099714943,20.6155281280883,15.52417469626,10.1980390271856,5.09901951359278,5.09901951359278,10.1980390271856,15.1327459504216,20.0997512422418,25,30.0665927567458,35.5105618091294,39.560080889705,43.081318457076,45.1774279923061
841,38.6005181312376,37.589892258425,37.3363094051889,36.1386219991853,31.04834939252,25.7099202643649,20.6155281280883,15.2970585407784,10.1980390271856,5.09901951359278,5.09901951359278,10.0498756211209,15.0332963783729,20.0249843945008,25.1793566240283,30.8058436014987,35.1140997321589,38.9101529166874,41.3400532171888,44.2040722106007
846,42.485291572496,42.3792402008342,41.2310562561766,36.1386219991853,30.8058436014987,25.7099202643649,20.3960780543711,15.2970585407784,10.1980390271856,5.09901951359278,5,10,15.1327459504216,20.3960780543711,26.2488094968134,30.8706980808663,34.9857113690718,37.8021163428716,41.0365690573664,44.5982062419555
851,47.1274866717927,46.0977222864644,41,35.6931365951495,30.5941170815567,25.3179778023443,20.2237484161567,15.1327459504216,10.0498756211209,5,5,10.1980390271856,15.52417469626,21.540659228538,26.4196896272458,30.8058436014987,33.9705755029261,37.5366487582469,41.4004830889689,44.9444101084885
856,50.9901951359278,45.8911756223351,40.6078810084939,35.5105618091294,30.2654919008431,25.1793566240283,20.0997512422418,15.0332963783729,10,5,5.3851648071345,10.770329614269,17,22.2036033111745,26.9072480941474,30.4795013082563,34.4093010681705,38.5875627631495,42.485291572496,47.0106370941726
861,50.4876222454574,45.2769256906871,40.1995024844836,35.0570962859162,30.0166620396073,25,20.0249843945008,15.1327459504216,10.1980390271856,5.3851648071345,5.3851648071345,11.6619037896906,17.0293863659264,21.9317121994613,25.8069758011279,30.0166620396073,34.4383507154451,38.6264158316559,43.3243580448689,47.8016736108685
866,50.0899191454728,45.0444225182208,40,35.0142828000232,30.0665927567458,25.1793566240283,20.3960780543711,15.52417469626,10.770329614269,5.3851648071345,6.40312423743285,12.0415945787923,17.2046505340853,21.4709105535839,26,30.6757233003559,35.1710107901379,40.024992192379,44.7213595499958,49.8196748283246
871,50.0399840127872,45.1774279923061,40.3112887414927,35.5105618091294,30.8058436014987,26.2488094968134,21.540659228538,17,11.6619037896906,6.40312423743285,5.8309518948453,11.1803398874989,15.8113883008419,20.6155281280883,25.4950975679639,30.2654919008431,35.2278299076171,40.1123422402632,45.1774279923061,50.3587132480567
876,48.8364617882991,44.1474801092882,39.560080889705,35.1140997321589,30.8706980808663,26.4196896272458,22.2036033111745,17.0293863659264,12.0415945787923,5.8309518948453,5.3851648071345,10.1980390271856,15.1327459504216,20.0997512422418,25.0199920063936,30.0166620396073,35,40.0124980474851,45.0998891351187,50.4876222454574
881,47.4341649025257,43.081318457076,38.9101529166874,34.9857113690718,30.8058436014987,26.9072480941474,21.9317121994613,17.2046505340853,11.1803398874989,5.3851648071345,5,10,15,20.0249843945008,25.0199920063936,30.0665927567458,35.0142828000232,40.0124980474851,45.2769256906871,49.0306026885251
886,45.1774279923061,41.3400532171888,37.8021163428716,33.9705755029261,30.4795013082563,25.8069758011279,21.4709105535839,15.8113883008419,10.1980390271856,5,5,10,15.0332963783729,20.0249843945008,25.0798724079689,30.0166620396073,35.0142828000232,40.3112887414927,44.1474801092882,46.4865571966778
891,44.2040722106007,41.0365690573664,37.5366487582469,34.4093010681705,30.0166620396073,26,20.6155281280883,15.1327459504216,10,5,5,10.0498756211209,15.0332963783729,20.0997512422418,25.0199920063936,30.0166620396073,35.3553390593274,39.293765408777,41.7851648315524,44.7213595499958
896,44.5982062419555,41.4004830889689,38.5875627631495,34.4383507154451,30.6757233003559,25.4950975679639,20.0997512422418,15,10,5,5.09901951359278,10.0498756211209,15.1327459504216,20.0249843945008,25.0199920063936,30.4138126514911,34.4818792991333,37.1618083521241,40.3112887414927,42.2018956920184
901,44.9444101084885,42.485291572496,38.6264158316559,35.1710107901379,30.2654919008431,25.0199920063936,20.0249843945008,15.0332963783729,10.0498756211209,5.09901951359278,5,10.0498756211209,15,20.0997512422418,25.7099202643649,30.0832179129826,33.1209903233584,36.6196668472011,38.9486841883009,41.1096095821889
906,47.0106370941726,43.3243580448689,40.024992192379,35.2278299076171,30.0166620396073,25.0199920063936,20.0249843945008,15.0332963783729,10.0498756211209,5,5.09901951359278,10,15.1327459504216,20.8806130178211,25.4950975679639,28.8444102037119,32.649655434629,35.3836120259083,38.0131556174964,41.182520563948
911,47.8016736108685,44.7213595499958,40.1123422402632,35,30.0665927567458,25.0798724079689,20.0997512422418,15.1327459504216,10.0498756211209,5.09901951359278,5.09901951359278,10.4403065089106,16.5529453572468,21.6333076527839,25.4950975679639,29.732137494637,33.0151480384384,36.2353418639869,39.9249295553543,43.1740662898458
916,49.8196748283246,45.1774279923061,40.0124980474851,35.0142828000232,30.0166620396073,25.0199920063936,20.0249843945008,15,10,5.09901951359278,5.3851648071345,11.6619037896906,17.0293863659264,21.2602916254693,25.8069758011279,29.5296461204668,33.2415402771893,37.3630833845388,41.3037528561268,44
921,50.3587132480567,45.0998891351187,40.0124980474851,35.0142828000232,30.0166620396073,25.0199920063936,20.0997512422418,15.1327459504216,10.4403065089106,5.3851648071345,6.40312423743285,12.0415945787923,16.6433169770932,21.4709105535839,25.6320112359526,29.8328677803526,34.3656805548792,39,42.2965719651132,45.1220566907139
926,50.4876222454574,45.2769256906871,40.3112887414927,35.3553390593274,30.4138126514911,25.7099202643649,20.8806130178211,16.5529453572468,11.6619037896906,6.40312423743285,5.8309518948453,10.770329614269,15.8113883008419,20.3960780543711,25.0798724079689,30,35.3553390593274,39.293765408777,42.7200187265877,44.7213595499958
931,49.0306026885251,44.1474801092882,39.293765408777,34.4818792991333,30.0832179129826,25.4950975679639,21.6333076527839,17.0293863659264,12.0415945787923,5.8309518948453,5.09901951359278,10.1980390271856,15.0332963783729,20.0249843945008,25.1793566240283,31.04834939252,35.4682957019364,39.3573373083089,41.8807831827438,44.8218696620299
936,46.4865571966778,41.7851648315524,37.1618083521241,33.1209903233584,28.8444102037119,25.4950975679639,21.2602916254693,16.6433169770932,10.770329614269,5.09901951359278,5.09901951359278,10,15.1327459504216,20.3960780543711,26.5706605111728,31.3049516849971,35.5105618091294,38.4187454245971,41.7252920900501,45.3431361950185
941,44.7213595499958,40.3112887414927,36.6196668472011,32.649655434629,29.732137494637,25.8069758011279,21.4709105535839,15.8113883008419,10.1980390271856,5.09901951359278,5.09901951359278,10.4403065089106,15.8113883008419,22.3606797749979,27.459060435492,32.0156211871642,35.3553390593274,39.0512483795333,43.0116263352131,46.6476151587624
946,42.2018956920184,38.9486841883009,35.3836120259083,33.0151480384384,29.5296461204668,25.6320112359526,20.3960780543711,15.0332963783729,10,5.09901951359278,5.3851648071345,10.770329614269,17.4928556845359,22.8035085019828,27.5862284482674,31.2409987036266,35.2278299076171,39.446165846632,43.3820239269677,47.927027865287
951,41.1096095821889,38.0131556174964,36.2353418639869,33.2415402771893,29.8328677803526,25.0798724079689,20.0249843945008,15.1327459504216,10.4403065089106,5.3851648071345,5.3851648071345,12.2065556157337,17.6918060129541,22.6715680975093,26.6270539113887,30.886890422961,35.3411940941446,39.560080889705,44.2718872423573,49.335585534176
956,41.182520563948,39.9249295553543,37.3630833845388,34.3656805548792,30,25.1793566240283,20.3960780543711,15.8113883008419,10.770329614269,5.3851648071345,7.07106781186548,12.8062484748657,18.0277563773199,22.3606797749979,26.9258240356725,31.6227766016838,36.1386219991853,41,46.0977222864644,51.1957029446808
961,43.1740662898458,41.3037528561268,39,35.3553390593274,31.04834939252,26.5706605111728,22.3606797749979,17.4928556845359,12.2065556157337,7.07106781186548,5.8309518948453,11.1803398874989,15.8113883008419,20.6155281280883,25.4950975679639,30.2654919008431,35.2278299076171,40.3112887414927,45.3982378512647,50.8035431835222
966,44,42.2965719651132,39.293765408777,35.4682957019364,31.3049516849971,27.459060435492,22.8035085019828,17.6918060129541,12.8062484748657,5.8309518948453,5.3851648071345,10.1980390271856,15.1327459504216,20.0997512422418,25.0199920063936,30.0166620396073,35.0570962859162,40.1123422402632,45.3982378512647,50.0099990001999
971,45.1220566907139,42.7200187265877,39.3573373083089,35.5105618091294,32.0156211871642,27.5862284482674,22.6715680975093,18.0277563773199,11.1803398874989,5.3851648071345,5,10,15,20.0249843945008,25.0199920063936,30,35.0142828000232,40.1995024844836,44.7213595499958,48.7647413609464
976,44.7213595499958,41.8807831827438,38.4187454245971,35.3553390593274,31.2409987036266,26.6270539113887,22.3606797749979,15.8113883008419,10.1980390271856,5,5,10,15.0332963783729,20.0249843945008,25,30.0166620396073,35.2278299076171,39.8120584747888,43.9658958739612,46.6154480832267
981,44.8218696620299,41.7252920900501,39.0512483795333,35.2278299076171,30.886890422961,26.9258240356725,20.6155281280883,15.1327459504216,10,5,5,10.0498756211209,15.0332963783729,20,25.0199920063936,30.2654919008431,34.928498393146,39.2173431022552,42.0475920832573,43.8292140016223
986,45.3431361950185,43.0116263352131,39.446165846632,35.3411940941446,31.6227766016838,25.4950975679639,20.0997512422418,15,10,5,5.09901951359278,10.0498756211209,15,20.0249843945008,25.3179778023443,30.0832179129826,34.5398320783411,37.589892258425,39.446165846632,42.2018956920184
991,46.6476151587624,43.3820239269677,39.560080889705,36.1386219991853,30.2654919008431,25.0199920063936,20.0249843945008,15.0332963783729,10.0498756211209,5.09901951359278,5,10.0498756211209,15.1327459504216,20.6155281280883,25.6320112359526,30.4138126514911,33.8378486313773,35.8050275799363,38.9486841883009,42.4499705535822
996,47.927027865287,44.2718872423573,41,35.2278299076171,30.0166620396073,25.0199920063936,20.0249843945008,15.0332963783729,10.0498756211209,5,5.09901951359278,10.1980390271856,15.8113883008419,21.0237960416286,26.0768096208106,29.8328677803526,31.8904374382039,35.3836120259083,39.2045915678253,42.7200187265877
1001,49.335585534176,46.0977222864644,40.3112887414927,35.0570962859162,30,25,20,15,10.0498756211209,5.09901951359278,5.09901951359278,10.770329614269,16.1245154965971,21.4009345590327,25.4558441227157,27.5862284482674,31.4006369362152,35.5105618091294,39.3573373083089,43.8634243989226
1006,51.1957029446808,45.3982378512647,40.1123422402632,35.0142828000232,30.0166620396073,25.0199920063936,20.0249843945008,15.1327459504216,10.1980390271856,5.09901951359278,5.8309518948453,11.4017542509914,16.9705627484771,21.4009345590327,23.6008474424119,27.7848879788996,32.2024843762092,36.4005494464026,41.1096095821889,45.3541618817943
1011,50.8035431835222,45.3982378512647,40.1995024844836,35.2278299076171,30.2654919008431,25.3179778023443,20.6155281280883,15.8113883008419,10.770329614269,5.8309518948453,5.65685424949238,11.4017542509914,16.1245154965971,18.3575597506858,22.8473193175917,27.5136329843952,32.0156211871642,36.8781778291715,41.4366987102013,46.2709412050371
1016,50.0099990001999,44.7213595499958,39.8120584747888,34.928498393146,30.0832179129826,25.6320112359526,21.0237960416286,16.1245154965971,11.4017542509914,5.65685424949238,5.8309518948453,10.770329614269,13,17.7200451466693,22.561028345357,27.2946881279124,32.2490309931942,37.0540146272978,42.0119030752,47.0106370941726
1021,48.7647413609464,43.9658958739612,39.2173431022552,34.5398320783411,30.4138126514911,26.0768096208106,21.4009345590327,16.9705627484771,11.4017542509914,5.8309518948453,5.09901951359278,7.28010988928052,12.1655250605964,17.1172427686237,22.0227155455452,27.0185121722126,32.0156211871642,37.0540146272978,42.190046219458,47.2652091923859
1026,46.6154480832267,42.0475920832573,37.589892258425,33.8378486313773,29.8328677803526,25.4558441227157,21.4009345590327,16.1245154965971,10.770329614269,5.09901951359278,2.23606797749979,7.07106781186548,12.0415945787923,17,22,27.0739727413618,32.1403173599764,37.3363094051889,42.4264068711929,47.6759897642409
